{
  "portfolio-setups.json": {
    "exists": true,
    "mtime": 1775540494.8355253,
    "size": 18962
  },
  "chart-series.json": {
    "exists": true,
    "mtime": 1775540494.8330238,
    "size": 27586
  },
  "notification-events.json": {
    "exists": true,
    "mtime": 1775540494.8350234,
    "size": 4729
  }
}